,location,total_sqft,bath,price,bhk
0,5th Block Hbr Layout,1206.0,2.0,56.0,2
1,5th Block Hbr Layout,1270.0,2.0,70.0,3
2,5th Block Hbr Layout,1312.0,2.0,69.0,2
3,5th Phase JP Nagar,1256.0,2.0,62.8,2
4,5th Phase JP Nagar,1207.0,2.0,63.0,2
5,5th Phase JP Nagar,600.0,1.0,30.0,1
6,5th Phase JP Nagar,1256.0,2.0,62.8,2
7,5th Phase JP Nagar,1000.0,2.0,48.0,2
10,5th Phase JP Nagar,1190.0,2.0,61.8,2
11,5th Phase JP Nagar,1080.0,2.0,53.0,2
12,5th Phase JP Nagar,1041.0,2.0,54.0,2
13,5th Phase JP Nagar,812.0,2.0,42.0,2
15,6th Phase JP Nagar,1213.0,2.0,63.0,2
16,6th Phase JP Nagar,1216.0,2.0,60.0,2
17,7th Phase JP Nagar,1050.0,2.0,57.0,3
18,7th Phase JP Nagar,1250.0,3.0,65.0,3
20,7th Phase JP Nagar,1050.0,2.0,50.0,2
21,7th Phase JP Nagar,850.0,2.0,42.0,2
22,7th Phase JP Nagar,1236.0,2.0,61.33,2
23,7th Phase JP Nagar,1187.0,2.0,59.0,2
24,7th Phase JP Nagar,1200.0,2.0,62.5,2
25,7th Phase JP Nagar,1515.0,2.0,76.0,3
26,7th Phase JP Nagar,1075.0,2.0,57.0,3
27,7th Phase JP Nagar,990.0,2.0,50.0,2
28,7th Phase JP Nagar,1680.0,2.0,92.0,3
29,7th Phase JP Nagar,1140.0,2.0,57.0,2
30,8th Phase JP Nagar,1455.0,3.0,73.31,3
31,8th Phase JP Nagar,909.0,2.0,40.9,2
32,8th Phase JP Nagar,1298.0,2.0,59.0,2
33,8th Phase JP Nagar,1245.0,2.0,59.0,2
34,8th Phase JP Nagar,3300.0,3.0,165.0,3
35,8th Phase JP Nagar,1046.0,2.0,48.0,2
36,9th Phase JP Nagar,1005.0,2.0,50.0,2
37,9th Phase JP Nagar,1164.0,2.0,56.0,2
38,9th Phase JP Nagar,1466.0,2.0,71.0,2
40,9th Phase JP Nagar,1073.0,2.0,52.36,2
41,9th Phase JP Nagar,1719.3,2.0,88.0,3
43,9th Phase JP Nagar,890.0,2.0,45.0,2
44,9th Phase JP Nagar,1331.95,2.0,69.0,2
45,AECS Layout,1080.0,2.0,55.0,2
46,Akshaya Nagar,1070.0,2.0,54.0,2
47,Akshaya Nagar,1662.0,3.0,85.1,3
48,Akshaya Nagar,1410.0,2.0,75.0,3
49,Akshaya Nagar,1662.0,3.0,85.0,3
50,Akshaya Nagar,1662.0,3.0,85.5,3
51,Akshaya Nagar,1430.0,2.0,75.0,3
52,Akshaya Nagar,1419.0,2.0,73.0,3
53,Akshaya Nagar,1690.0,3.0,85.0,3
54,Akshaya Nagar,1897.0,4.0,93.0,3
55,Akshaya Nagar,1884.0,3.0,98.0,3
56,Akshaya Nagar,1314.0,2.0,68.8,2
57,Akshaya Nagar,1690.0,3.0,85.0,3
58,Akshaya Nagar,1126.0,2.0,55.0,2
59,Akshaya Nagar,1662.0,3.0,90.0,3
60,Akshaya Nagar,1420.0,2.0,75.0,3
61,Akshaya Nagar,1890.0,4.0,100.0,3
62,Akshaya Nagar,1690.0,3.0,85.0,3
63,Akshaya Nagar,1820.0,4.0,95.0,3
64,Akshaya Nagar,1896.0,3.0,102.0,3
65,Akshaya Nagar,1300.0,2.0,66.0,2
66,Akshaya Nagar,1421.0,2.0,73.0,3
67,Akshaya Nagar,1893.0,4.0,95.0,3
68,Akshaya Nagar,900.0,2.0,45.0,2
69,Ambalipura,3500.0,3.0,198.0,3
70,Ambalipura,1817.0,3.0,102.0,3
71,Ambedkar Nagar,3565.0,4.0,255.0,4
72,Amruthahalli,900.0,2.0,40.0,2
73,Amruthahalli,1200.0,2.0,55.0,2
74,Amruthahalli,924.0,2.0,45.0,2
75,Amruthahalli,1200.0,2.0,55.0,2
76,Amruthahalli,1200.0,2.0,55.0,2
77,Anandapura,1200.0,2.0,58.0,2
78,Anandapura,1200.0,2.0,58.0,2
79,Anandapura,1415.0,2.0,74.0,3
80,Anekal,351.0,1.0,16.0,1
81,Anekal,614.0,1.0,28.0,2
82,Anekal,1140.0,2.0,52.0,2
83,Ardendale,1750.0,3.0,100.0,3
84,Ardendale,3198.0,4.0,200.0,4
85,Ardendale,1750.0,3.0,100.0,3
86,Ardendale,3200.0,4.0,205.0,4
87,Ardendale,1728.0,3.0,95.0,3
88,Ardendale,1732.46,3.0,92.0,3
89,Ardendale,1777.26,3.0,105.0,3
90,Ardendale,1723.0,3.0,95.0,3
91,Ardendale,1777.26,3.0,92.0,3
92,Arekere,1190.0,2.0,55.0,2
93,Arekere,600.0,1.0,28.0,1
94,Arekere,2072.0,3.0,108.0,3
95,Arekere,1100.0,2.0,55.0,2
96,Arekere,1240.0,2.0,60.0,2
97,Arekere,900.0,2.0,44.5,2
98,Attibele,1500.0,3.0,90.0,3
99,BEML Layout,1060.0,2.0,55.0,2
100,BTM 2nd Stage,1070.0,2.0,48.0,2
101,BTM 2nd Stage,1265.0,2.0,55.0,2
102,BTM Layout,3300.0,6.0,165.0,6
103,BTM Layout,1458.0,3.0,79.0,3
104,BTM Layout,1540.0,2.0,78.0,3
105,BTM Layout,1196.0,2.0,56.81,2
106,Balagere,645.0,1.0,34.18,1
107,Balagere,656.0,1.0,34.77,1
108,Banashankari,2600.0,4.0,135.0,3
109,Banashankari,1400.0,2.0,78.0,3
110,Banashankari,1460.0,2.0,70.0,2
111,Banashankari,1200.0,2.0,60.0,2
112,Banashankari,1000.0,2.0,50.0,2
113,Banashankari,1650.0,3.0,90.75,3
114,Banashankari,1540.0,3.0,80.0,3
115,Banashankari,1750.0,2.0,89.0,3
116,Banashankari Stage III,1145.0,2.0,58.4,2
117,Banashankari Stage III,1350.0,2.0,68.0,3
118,Banashankari Stage III,1480.0,3.0,75.48,3
119,Banashankari Stage III,3000.0,6.0,150.0,6
120,Banashankari Stage III,1085.0,2.0,50.0,2
121,Banashankari Stage VI,1180.0,2.0,59.47,2
122,Banashankari Stage VI,1423.0,2.0,71.73,3
123,Banaswadi,1145.0,2.0,55.0,2
124,Banaswadi,1250.0,2.0,60.0,2
125,Banaswadi,1200.0,2.0,60.0,2
126,Bannerghatta Road,1170.0,2.0,66.0,3
128,Bannerghatta Road,595.0,1.0,31.83,1
129,Bannerghatta Road,1255.0,2.0,65.26,2
130,Bannerghatta Road,1550.0,3.0,78.0,3
131,Bannerghatta Road,1550.0,3.0,82.0,3
133,Bannerghatta Road,1893.0,3.0,100.0,3
134,Bannerghatta Road,1275.0,2.0,65.0,2
135,Bannerghatta Road,1880.0,3.0,95.0,3
136,Bannerghatta Road,1788.0,3.0,90.0,3
138,Bannerghatta Road,1486.0,3.0,83.22,3
139,Bannerghatta Road,1460.0,2.0,75.0,3
140,Bannerghatta Road,1015.0,2.0,48.0,2
141,Bannerghatta Road,1200.0,2.0,69.0,3
142,Bannerghatta Road,1465.0,2.0,76.0,3
143,Bannerghatta Road,1240.0,2.0,65.0,2
144,Bannerghatta Road,1693.0,3.0,89.0,3
145,Bannerghatta Road,1280.0,2.0,60.16,2
146,Bannerghatta Road,630.0,1.0,35.0,1
147,Bannerghatta Road,1365.0,3.0,76.18,3
148,Bannerghatta Road,1655.0,3.0,90.0,3
149,Bannerghatta Road,1650.0,3.0,94.0,3
150,Bannerghatta Road,1000.0,2.0,50.0,2
152,Bannerghatta Road,1460.0,2.0,80.0,3
153,Bannerghatta Road,1520.0,2.0,81.0,3
154,Bannerghatta Road,2826.0,3.0,148.0,3
155,Bannerghatta Road,1660.0,3.0,85.0,3
156,Bannerghatta Road,1880.0,3.0,96.5,3
157,Bannerghatta Road,1453.0,2.0,73.0,3
158,Bannerghatta Road,1450.0,2.0,78.0,3
160,Bannerghatta Road,1465.0,2.0,75.0,3
162,Bannerghatta Road,1520.0,2.0,80.0,3
163,Bannerghatta Road,1270.0,2.0,73.0,3
164,Bannerghatta Road,1655.0,3.0,95.0,3
165,Bannerghatta Road,1150.0,2.0,55.0,2
166,Bannerghatta Road,1470.0,2.0,85.0,3
167,Battarahalli,1779.0,3.0,89.61,3
168,Battarahalli,1945.0,3.0,97.42,3
169,Battarahalli,1880.0,3.0,94.36,3
170,Battarahalli,1636.0,2.0,82.89,2
171,Battarahalli,1779.0,3.0,90.0,3
172,Battarahalli,2082.0,3.0,104.0,3
173,Battarahalli,2024.0,3.0,103.0,3
174,Begur,1475.0,2.0,74.0,3
175,Begur,1100.0,2.0,55.0,2
176,Begur,1306.0,2.0,65.0,2
177,Begur,1304.0,3.0,65.0,3
178,Begur,815.0,2.0,40.0,2
179,Bellandur,1767.0,3.0,103.0,3
180,Bellandur,1000.0,2.0,50.0,2
182,Bellandur,1605.0,3.0,85.0,3
183,Bellandur,1692.0,3.0,88.0,3
184,Bellandur,1220.0,2.0,60.0,2
185,Bellandur,1685.0,3.0,100.0,3
186,Bellandur,1205.0,2.0,59.0,2
187,Bellandur,1201.0,2.0,59.99,2
188,Bellandur,1325.0,2.0,65.0,2
190,Bellandur,1685.0,3.0,101.0,3
191,Bellandur,1735.0,3.0,105.0,3
192,Bellandur,1049.0,2.0,51.0,2
193,Bellandur,1211.0,2.0,63.0,2
194,Bellandur,1200.0,2.0,62.0,2
195,Bellandur,1767.0,3.0,89.0,3
197,Bellandur,1665.0,3.0,85.0,3
198,Bellandur,960.0,2.0,48.0,2
199,Bellandur,1830.0,3.0,91.86,3
201,Bellandur,1535.0,3.0,90.0,3
202,Bharathi Nagar,1322.0,2.0,68.0,2
203,Bharathi Nagar,1351.0,2.0,70.0,2
204,Bharathi Nagar,1328.0,2.0,69.0,2
205,Bhoganhalli,1670.0,3.0,99.0,3
207,Bhoganhalli,1444.0,2.0,75.97,2
208,Bhoganhalli,1447.0,2.0,75.97,2
209,Bhoganhalli,1447.0,2.0,75.97,2
211,Bhoganhalli,1447.0,2.0,75.97,2
212,Bhoganhalli,1447.0,2.0,75.97,2
214,Bhoganhalli,1458.0,3.0,78.45,3
215,Bhoganhalli,1444.0,2.0,75.97,2
216,Bhoganhalli,1447.0,2.0,75.97,2
219,Billekahalli,1650.0,3.0,88.0,3
220,Bisuvanahalli,700.0,1.0,32.0,2
221,Bommanahalli,3000.0,8.0,140.0,8
222,Bommanahalli,515.0,1.0,25.0,1
223,Bommanahalli,1850.0,3.0,90.0,3
224,Bommanahalli,910.0,2.0,45.0,2
225,Bommanahalli,1100.0,1.0,55.0,2
226,Brookefield,2169.0,4.0,115.0,3
227,Brookefield,1595.0,3.0,88.0,3
228,Brookefield,941.0,2.0,48.0,2
229,Brookefield,1100.0,2.0,55.0,2
230,Brookefield,1130.0,2.0,56.0,2
231,Brookefield,1518.0,3.0,80.0,3
232,Budigere,1162.0,2.0,59.9,2
233,Budigere,1991.0,4.0,103.0,3
234,Budigere,1153.0,2.0,57.0,2
235,Budigere,1139.0,2.0,56.8,2
236,Budigere,1139.0,2.0,56.85,2
238,Budigere,1820.0,3.0,93.0,3
239,Budigere,1636.0,3.0,85.0,3
240,Budigere,1820.0,3.0,93.0,3
241,Budigere,1162.0,2.0,58.0,2
242,Budigere,1636.0,3.0,85.0,3
243,Budigere,1087.0,2.0,54.3,2
244,Budigere,1153.0,2.0,56.7,2
245,Budigere,1139.0,2.0,56.5,2
246,Budigere,1636.0,3.0,83.0,3
247,Budigere,664.0,1.0,34.0,1
248,Budigere,1162.0,2.0,58.0,2
249,Budigere,1153.0,2.0,60.0,2
250,Budigere,1820.0,3.0,95.0,3
252,Budigere,1820.0,3.0,95.5,3
253,Budigere,1153.0,2.0,58.0,2
254,Budigere,1153.0,2.0,60.0,2
255,CV Raman Nagar,1120.0,2.0,55.0,2
256,CV Raman Nagar,1070.0,2.0,55.0,2
257,CV Raman Nagar,740.0,2.0,37.0,2
258,CV Raman Nagar,1028.0,2.0,49.0,2
259,CV Raman Nagar,1025.0,2.0,50.0,2
260,CV Raman Nagar,1198.0,2.0,60.0,2
261,CV Raman Nagar,1590.0,2.0,85.0,3
262,CV Raman Nagar,1100.0,2.0,58.0,2
263,CV Raman Nagar,1285.0,2.0,65.0,2
264,CV Raman Nagar,1040.0,2.0,50.0,2
265,CV Raman Nagar,1310.0,2.0,62.0,2
266,Channasandra,1160.0,2.0,55.0,2
267,Channasandra,808.0,2.0,40.0,2
268,Chikkalasandra,1100.0,2.0,50.0,2
269,Chikkalasandra,1070.0,2.0,50.0,2
270,Chikkalasandra,1075.0,2.0,46.76,2
271,Chikkalasandra,1100.0,2.0,50.0,2
272,Chikkalasandra,1090.0,2.0,47.42,2
273,Chikkalasandra,1325.0,2.0,59.0,2
274,Choodasandra,1115.0,2.0,50.0,2
275,Choodasandra,1530.0,3.0,77.0,3
276,Choodasandra,1115.0,2.0,50.0,2
277,Choodasandra,1215.0,2.0,59.0,2
278,Choodasandra,725.0,2.0,36.0,2
279,Choodasandra,1560.0,3.0,78.0,3
280,Choodasandra,1115.0,2.0,50.0,2
281,Choodasandra,1115.0,2.0,50.0,2
282,Dasanapura,708.0,2.0,37.0,2
283,Dasanapura,814.0,2.0,42.0,2
284,Dasanapura,1286.0,2.0,68.0,3
285,Dasarahalli,1295.0,2.0,65.0,2
286,Dasarahalli,1520.0,2.0,75.0,3
287,Dasarahalli,1220.0,2.0,62.0,2
288,Devanahalli,1360.0,2.0,65.0,2
289,Devanahalli,1010.0,2.0,51.0,2
290,Devanahalli,1080.0,2.0,53.35,2
291,Devanahalli,1174.0,2.0,59.0,2
292,Devanahalli,658.0,1.0,34.0,1
293,Devanahalli,1080.0,2.0,52.0,2
294,Devanahalli,775.0,1.0,39.0,1
295,Devanahalli,1020.0,2.0,49.87,1
296,Devanahalli,1340.0,2.0,65.0,2
297,Devanahalli,2125.0,3.0,107.0,3
298,Devarachikkanahalli,1230.0,2.0,58.0,2
299,Devarachikkanahalli,947.0,2.0,43.0,2
300,Devarachikkanahalli,1230.0,2.0,58.0,2
301,Dodda Nekkundi,1260.0,2.0,55.0,2
302,Dodda Nekkundi,1390.0,2.0,60.0,2
303,Dodda Nekkundi,1080.0,2.0,50.0,2
304,Dodda Nekkundi,1100.0,2.0,48.0,2
305,Dodda Nekkundi,1148.0,2.0,56.0,2
306,Dodda Nekkundi,1135.0,2.0,58.0,2
307,Dodda Nekkundi,1370.0,2.0,60.0,2
308,Dodda Nekkundi,1585.0,2.0,79.0,3
309,Dodda Nekkundi,1005.0,2.0,45.0,2
310,Doddathoguru,1105.0,2.0,50.0,2
311,Doddathoguru,1100.0,2.0,50.0,2
312,Domlur,1429.0,3.0,86.0,3
315,Electronic City,1800.0,3.0,95.0,3
316,Electronic City,1070.0,2.0,55.0,2
317,Electronic City,1360.0,2.0,71.0,3
318,Electronic City,1070.0,2.0,56.1,2
319,Electronic City,890.0,2.0,45.0,2
322,Electronic City,770.0,1.0,40.0,2
323,Electronic City,1070.0,2.0,54.0,2
324,Electronic City,1374.0,2.0,72.0,3
325,Electronic City,700.0,1.0,35.0,1
326,Electronic City,1360.0,2.0,70.5,3
328,Electronic City,1070.0,2.0,55.0,2
329,Electronic City,1025.0,2.0,54.1,2
330,Electronic City,1500.0,2.0,78.0,3
332,Electronic City,1125.0,2.0,58.0,2
333,Electronic City,1500.0,2.0,78.25,3
338,Electronic City,1500.0,2.0,78.0,3
339,Electronic City,1296.0,2.0,65.0,2
340,Electronic City,1025.0,2.0,53.9,2
341,Electronic City,435.0,1.0,21.0,1
342,Electronic City,1500.0,2.0,77.5,3
345,Electronic City,435.0,1.0,22.0,1
347,Electronic City,770.0,1.0,39.9,2
349,Electronic City,1571.0,3.0,83.0,3
353,Electronic City,630.0,1.0,33.7,1
354,Electronic City,550.0,1.0,27.0,1
356,Electronic City,1070.0,2.0,55.0,2
359,Electronic City,1060.0,2.0,55.0,2
362,Electronic City,1060.0,2.0,55.0,2
363,Electronic City,1700.0,3.0,90.0,3
364,Electronic City,750.0,1.0,35.0,1
367,Electronic City,589.0,1.0,29.0,1
368,Electronic City,1025.0,2.0,54.0,2
370,Electronic City Phase II,775.0,2.0,38.0,2
371,Electronic City Phase II,1219.0,2.0,61.25,2
372,Electronic City Phase II,769.0,2.0,40.0,2
374,Electronic City Phase II,1253.0,2.0,65.8,2
375,Electronic City Phase II,1031.0,2.0,53.0,2
376,Electronic City Phase II,1549.0,3.0,80.0,3
377,Electronic City Phase II,1065.0,2.0,56.13,2
378,Electronic City Phase II,1219.0,2.0,61.26,2
379,Electronic City Phase II,1252.0,2.0,65.0,3
380,Electronic City Phase II,1155.0,2.0,57.0,2
382,Electronic City Phase II,1252.0,2.0,65.0,3
384,Electronic City Phase II,1031.0,2.0,54.48,2
385,Electronics City Phase 1,1113.27,2.0,53.0,2
387,Electronics City Phase 1,1175.0,2.0,57.0,2
388,Electronics City Phase 1,940.0,2.0,49.0,2
389,Electronics City Phase 1,1335.0,2.0,67.0,2
390,Electronics City Phase 1,1113.12,2.0,55.0,2
391,Electronics City Phase 1,1350.0,3.0,71.0,3
392,Electronics City Phase 1,995.0,2.0,49.8,2
393,Electronics City Phase 1,1450.0,3.0,72.54,3
394,Electronics City Phase 1,638.0,1.0,32.0,1
395,Electronics City Phase 1,1200.0,2.0,59.76,2
396,Electronics City Phase 1,1145.0,2.0,54.0,2
398,Electronics City Phase 1,1800.0,3.0,93.0,3
399,Electronics City Phase 1,940.0,2.0,48.0,2
400,Electronics City Phase 1,1300.0,2.0,67.0,2
401,Electronics City Phase 1,1028.0,2.0,51.0,2
402,Electronics City Phase 1,1205.0,2.0,60.0,2
403,Electronics City Phase 1,1305.0,2.0,67.0,2
404,Electronics City Phase 1,1175.0,2.0,60.0,2
405,GM Palaya,1315.0,2.0,65.0,3
406,GM Palaya,1315.0,3.0,65.0,3
407,Garudachar Palya,1060.0,2.0,48.7,2
408,Garudachar Palya,1150.0,2.0,52.75,2
409,Garudachar Palya,1150.0,2.0,52.8,2
410,Garudachar Palya,1150.0,2.0,52.8,2
411,Garudachar Palya,1060.0,2.0,48.5,2
412,Garudachar Palya,1150.0,2.0,52.5,2
413,Garudachar Palya,1060.0,2.0,48.66,2
414,Gottigere,967.0,2.0,45.0,2
415,Gottigere,1300.0,3.0,65.0,3
416,Gottigere,945.0,2.0,45.0,2
417,Gottigere,1280.0,2.0,61.0,2
418,Gottigere,1205.0,2.0,56.58,2
419,Gottigere,1245.0,2.0,59.0,2
420,Green Glen Layout,1776.42,3.0,105.0,3
421,Green Glen Layout,1752.0,3.0,105.0,3
422,Green Glen Layout,3270.0,4.0,205.0,4
423,Green Glen Layout,1750.0,3.0,105.0,3
424,Gubbalala,1470.0,2.0,82.0,3
425,Gubbalala,2570.0,4.0,141.0,5
426,Gubbalala,1435.0,2.0,80.0,3
427,Gunjur,1356.0,2.0,66.0,3
428,Gunjur,1071.0,2.0,51.0,2
429,HBR Layout,1200.0,2.0,60.0,2
430,HBR Layout,1656.0,3.0,90.0,3
431,HSR Layout,1372.0,2.0,68.0,2
432,HSR Layout,1475.0,3.0,75.0,3
433,HSR Layout,1185.0,2.0,60.0,2
434,HSR Layout,1844.0,3.0,95.0,3
435,HSR Layout,1203.0,2.0,60.0,2
436,HSR Layout,1844.0,3.0,89.0,3
437,HSR Layout,1203.0,2.0,60.0,2
438,Haralur Road,1810.0,3.0,100.0,3
439,Haralur Road,1920.0,3.0,115.0,3
440,Haralur Road,1875.0,3.0,110.0,3
441,Haralur Road,1875.0,3.0,110.0,3
442,Haralur Road,2475.0,4.0,130.0,3
443,Haralur Road,1850.0,3.0,110.0,3
444,Haralur Road,1444.0,2.0,80.0,3
445,Haralur Road,1830.0,3.0,101.0,3
446,Haralur Road,2017.0,3.0,105.0,3
447,Haralur Road,1520.0,2.0,90.0,3
448,Haralur Road,1245.0,2.0,62.0,2
449,Haralur Road,1140.0,2.0,58.0,2
450,Haralur Road,1560.0,3.0,90.0,3
451,Haralur Road,1520.0,2.0,85.0,3
452,Haralur Road,1650.0,3.0,100.0,3
453,Haralur Road,1510.0,3.0,83.05,3
454,Haralur Road,1810.0,3.0,100.0,3
455,Haralur Road,1710.0,3.0,85.0,3
456,Haralur Road,1730.0,3.0,95.0,3
457,Haralur Road,1817.0,3.0,110.0,3
458,Haralur Road,1735.0,3.0,97.0,3
459,Haralur Road,1810.0,3.0,97.83,3
460,Harlur,1508.0,2.0,77.0,2
461,Harlur,2450.0,3.0,120.0,3
462,Harlur,1460.0,3.0,73.0,3
463,Harlur,1033.0,2.0,49.0,2
464,Harlur,1884.0,4.0,120.0,4
465,Harlur,1730.0,3.0,100.0,3
466,Harlur,2138.0,3.0,110.0,3
467,Harlur,1414.0,3.0,77.5,3
468,Harlur,1630.0,3.0,95.1,3
469,Harlur,1133.0,2.0,55.0,2
470,Harlur,1710.0,3.0,85.0,3
471,Harlur,1710.0,3.0,85.0,3
472,Harlur,2137.0,3.0,110.0,3
473,Harlur,936.0,2.0,45.0,2
474,Hebbal,7145.0,4.0,477.0,4
475,Hebbal,1080.0,2.0,54.0,2
476,Hebbal,1100.0,2.0,54.0,2
477,Hebbal,1586.0,3.0,90.0,3
478,Hebbal,3894.0,2.0,226.5,3
479,Hebbal,1269.0,2.0,73.0,3
480,Hebbal,1200.0,2.0,60.0,2
481,Hebbal,1860.0,3.0,95.0,3
482,Hebbal,1110.0,3.0,59.0,3
483,Hebbal,1040.0,2.0,55.0,2
485,Hebbal,1590.0,3.0,96.0,3
486,Hebbal,1162.0,2.0,59.0,2
487,Hebbal,1150.0,2.0,57.0,2
488,Hebbal,1430.0,3.0,85.0,3
489,Hegde Nagar,1168.0,2.0,68.0,3
490,Hegde Nagar,2162.03,4.0,129.0,3
491,Hegde Nagar,1348.0,2.0,80.5,3
492,Hennur,1075.0,2.0,52.0,2
493,Hennur,1225.0,2.0,57.0,2
494,Hennur,1255.0,2.0,57.5,2
495,Hennur,1259.0,2.0,57.0,2
496,Hennur,1285.0,2.0,60.0,2
497,Hennur,1285.0,2.0,60.0,2
498,Hennur,1255.0,2.0,58.0,2
499,Hennur,1255.0,2.0,55.5,2
500,Hennur,1255.0,2.0,55.5,2
501,Hennur,1255.0,2.0,57.5,2
502,Hennur,960.0,2.0,48.0,2
503,Hennur,1020.0,2.0,48.0,2
504,Hennur,1295.0,2.0,64.0,2
505,Hennur,1255.0,2.0,58.0,2
506,Hennur,1155.0,2.0,54.5,2
507,Hennur,1255.0,2.0,55.5,2
508,Hennur,1255.0,2.0,56.5,2
509,Hennur,1295.0,2.0,62.0,2
510,Hennur Road,5000.0,8.0,250.0,8
511,Hennur Road,1891.0,3.0,109.0,3
512,Hennur Road,1192.0,2.0,60.0,3
513,Hennur Road,1482.0,2.0,83.73,3
514,Hennur Road,1482.0,2.0,87.0,3
515,Hennur Road,1703.0,3.0,101.0,3
516,Hennur Road,987.0,2.0,49.0,2
517,Hennur Road,1804.0,3.0,102.0,3
518,Hennur Road,1186.0,2.0,63.0,3
519,Hennur Road,1680.0,3.0,99.27,3
520,Hennur Road,1586.0,3.0,93.94,3
521,Hennur Road,1445.0,3.0,86.56,3
522,Hennur Road,1192.0,2.0,62.0,3
523,Hennur Road,1891.0,3.0,109.0,3
524,Hennur Road,1804.0,3.0,102.0,3
525,Hennur Road,1685.0,3.0,95.0,3
526,Hennur Road,2700.0,3.0,150.0,3
527,Hennur Road,1310.0,2.0,66.0,2
528,Hennur Road,1015.0,2.0,50.0,2
529,Hennur Road,1061.0,2.0,54.92,2
530,Hennur Road,1585.0,2.0,80.0,3
531,Hennur Road,1066.0,2.0,52.23,2
532,Hennur Road,2050.0,3.0,120.0,3
533,Hennur Road,1445.0,2.0,83.0,3
534,Hennur Road,1679.0,3.0,94.86,3
535,Hennur Road,1654.0,3.0,97.8,3
536,Hennur Road,1053.0,2.0,53.0,2
537,Hennur Road,1195.0,2.0,59.0,2
538,Hennur Road,1748.0,3.0,103.0,3
539,Hennur Road,1450.0,3.0,79.0,3
540,Hennur Road,973.0,2.0,50.74,2
541,Hennur Road,1482.0,2.0,83.73,3
542,Hennur Road,1305.0,2.0,77.0,3
543,Hennur Road,1672.0,3.0,86.0,3
544,Hennur Road,980.0,2.0,51.0,2
545,Hennur Road,1140.0,2.0,56.0,2
546,Hennur Road,1891.0,3.0,110.0,3
547,Hennur Road,1470.0,2.0,75.0,3
548,Hoodi,1715.0,2.0,95.0,3
549,Hoodi,1420.0,2.0,75.0,2
550,Hoodi,1606.0,3.0,89.55,3
551,Hoodi,1512.0,3.0,75.77,3
552,Hoodi,1553.0,3.0,83.09,3
553,Hoodi,1746.0,3.0,84.95,3
554,Hoodi,1925.0,3.0,110.0,3
555,Hoodi,1769.0,3.0,96.87,3
556,Hoodi,1490.0,3.0,79.0,3
557,Hoodi,1240.0,2.0,65.0,2
558,Hoodi,1370.0,3.0,67.0,3
559,Hoodi,1559.0,3.0,81.55,3
560,Hoodi,1715.0,2.0,100.0,3
561,Hoodi,1350.0,3.0,70.0,3
562,Hoodi,1447.0,3.0,76.0,2
563,Hoodi,1400.0,3.0,74.0,3
564,Hoodi,1644.0,3.0,80.51,3
565,Hoodi,1490.0,3.0,85.0,3
566,Horamavu Agara,755.0,2.0,37.49,2
567,Horamavu Agara,982.0,2.0,47.65,2
568,Horamavu Agara,1265.0,2.0,65.0,3
569,Horamavu Agara,760.0,2.0,37.49,2
570,Horamavu Agara,750.0,2.0,37.49,2
571,Horamavu Banaswadi,1180.0,2.0,58.0,2
572,Horamavu Banaswadi,1081.0,2.0,52.0,2
573,Horamavu Banaswadi,1000.0,2.0,50.0,2
574,Hormavu,1150.0,2.0,55.0,2
575,Hormavu,1725.0,3.0,85.0,3
576,Hormavu,1123.0,2.0,56.0,2
577,Hormavu,1385.0,2.0,69.0,3
578,Hormavu,1030.0,2.0,49.35,2
579,Hormavu,1018.0,2.0,50.8,2
581,Hormavu,1000.0,2.0,50.0,2
582,Hormavu,765.0,2.0,37.49,2
583,Hormavu,1250.0,2.0,60.0,2
584,Hormavu,1385.0,2.0,69.25,3
585,Hormavu,1065.0,2.0,50.92,2
586,Hormavu,1075.0,2.0,53.7,2
587,Hormavu,1075.0,2.0,53.7,2
588,Hosa Road,1652.0,3.0,85.0,3
589,Hosa Road,1639.0,3.0,80.0,3
590,Hosa Road,1161.0,2.0,55.15,2
591,Hosa Road,1161.0,2.0,55.15,2
592,Hosa Road,615.0,1.0,28.29,1
593,Hosa Road,1133.0,2.0,52.0,2
594,Hosa Road,1161.0,2.0,55.15,2
595,Hosa Road,1245.0,2.0,62.0,2
596,Hosa Road,1364.0,2.0,64.79,2
597,Hosa Road,1161.0,2.0,55.15,2
598,Hosakerehalli,1596.0,3.0,79.8,3
599,Hosakerehalli,925.0,2.0,46.25,2
600,Hosur Road,1145.0,2.0,60.0,3
601,Hosur Road,1427.0,2.0,80.63,3
602,Hosur Road,1733.0,2.0,85.0,3
603,Hosur Road,1250.0,2.0,65.0,2
604,Hosur Road,1685.0,3.0,90.0,3
605,Hulimavu,1125.0,2.0,50.0,2
606,Hulimavu,1823.0,3.0,100.0,3
607,Hulimavu,1058.0,2.0,48.0,2
608,Hulimavu,1225.0,2.0,55.0,2
609,Hulimavu,1255.0,2.0,66.0,2
610,Hulimavu,1450.0,3.0,72.0,3
611,Hulimavu,850.0,1.0,39.5,2
612,Hulimavu,1000.0,2.0,45.0,2
613,Hulimavu,581.0,1.0,29.0,1
614,Hulimavu,935.0,2.0,45.0,2
615,Hulimavu,1320.0,2.0,65.0,3
616,Hulimavu,450.0,1.0,20.0,1
617,ISRO Layout,4400.0,6.0,250.0,6
618,ISRO Layout,1310.0,2.0,68.0,3
619,ISRO Layout,1050.0,2.0,51.0,2
620,Iblur Village,3596.0,5.0,252.0,4
621,Iblur Village,3596.0,5.0,260.0,4
622,Iblur Village,3596.0,5.0,251.0,4
623,JP Nagar,940.0,2.0,49.0,2
624,JP Nagar,2500.0,3.0,135.0,3
625,JP Nagar,1200.0,2.0,62.0,2
626,JP Nagar,3300.0,4.0,160.0,3
627,JP Nagar,1850.0,2.0,110.0,3
628,JP Nagar,1500.0,2.0,82.0,3
629,JP Nagar,3070.0,2.0,152.0,3
630,JP Nagar,1600.0,3.0,83.0,3
631,JP Nagar,1590.0,2.0,85.0,3
632,JP Nagar,1250.0,2.0,60.0,2
633,JP Nagar,1107.0,2.0,57.0,2
634,JP Nagar,1500.0,2.0,82.0,3
635,Jakkur,1100.0,2.0,53.35,2
636,Jakkur,4305.905,2.0,260.5,4
637,Jakkur,4305.905,4.0,260.5,4
638,Jakkur,1858.0,3.0,98.3,3
639,Jakkur,1374.0,3.0,68.0,3
640,Jakkur,1482.0,3.0,86.0,3
641,Jakkur,1645.0,3.0,100.0,3
642,Jakkur,1622.0,2.0,80.0,3
643,Jakkur,1880.0,4.0,110.0,3
644,Jakkur,1485.0,3.0,72.0,3
645,Jakkur,1150.0,3.0,65.0,3
646,Jalahalli,1400.0,3.0,77.0,3
647,Jalahalli,1870.0,3.0,110.0,3
648,Jalahalli,1615.0,3.0,89.75,3
649,Jalahalli,1395.0,3.0,82.0,3
650,Jalahalli,1770.0,3.0,100.0,3
651,Jalahalli,2404.0,3.0,138.0,3
652,Jalahalli,1704.0,3.0,94.36,3
653,Jalahalli,1200.0,2.0,66.0,1
654,Jalahalli,1530.0,2.0,89.0,3
655,Jalahalli,1405.0,2.0,85.0,3
656,Jalahalli East,1010.0,2.0,52.0,2
657,Jalahalli East,1010.0,2.0,52.0,2
658,Jigani,918.0,2.0,48.0,2
659,Jigani,914.0,2.0,47.0,2
660,Jigani,920.0,2.0,46.0,2
661,Jigani,2400.0,4.0,130.0,3
662,Jigani,918.0,2.0,45.0,2
664,Jigani,1200.0,3.0,65.0,3
665,Jigani,1221.0,3.0,65.0,3
666,Jigani,1221.0,3.0,65.0,3
667,Jigani,943.0,2.0,48.0,2
668,Jigani,1245.0,3.0,66.0,3
669,Jigani,1221.0,3.0,65.0,3
670,Jigani,943.0,2.0,49.5,2
671,Judicial Layout,1300.0,3.0,64.0,3
672,KR Puram,1142.0,2.0,51.0,2
673,KR Puram,1021.0,2.0,48.0,2
674,KR Puram,1550.0,2.0,71.0,2
675,KR Puram,2000.0,6.0,85.0,6
676,KR Puram,1000.0,2.0,44.5,2
677,KR Puram,1040.0,2.0,50.0,2
678,KR Puram,4600.0,9.0,200.0,9
679,KR Puram,1050.0,2.0,55.0,2
680,KR Puram,1204.0,2.0,58.0,2
681,KR Puram,1827.0,3.0,97.0,3
682,KR Puram,1245.0,2.0,60.0,2
683,Kadubeesanahalli,1424.0,2.0,75.0,3
684,Kadubeesanahalli,1184.0,2.0,55.0,2
685,Kadubeesanahalli,1185.0,2.0,55.0,2
686,Kadugodi,1762.0,3.0,91.45,3
687,Kadugodi,1314.0,2.0,68.2,2
688,Kadugodi,1645.0,2.0,82.0,3
689,Kadugodi,1010.0,2.0,50.0,2
690,Kadugodi,1196.0,2.0,60.0,2
691,Kaggadasapura,1110.0,2.0,53.0,2
692,Kaggadasapura,1470.0,2.0,75.0,3
693,Kaggadasapura,1340.0,3.0,66.0,3
694,Kaggadasapura,1500.0,3.0,75.0,3
695,Kaggadasapura,1540.0,3.0,75.0,3
696,Kaggadasapura,1240.0,2.0,58.58,2
697,Kaggadasapura,960.0,2.0,45.0,2
698,Kaggadasapura,1500.0,2.0,75.0,3
699,Kaggadasapura,1400.0,2.0,68.0,3
700,Kaggalipura,700.0,1.0,36.0,1
701,Kaggalipura,950.0,2.0,48.0,2
702,Kaggalipura,950.0,2.0,50.0,2
703,Kaggalipura,950.0,2.0,47.0,2
704,Kaggalipura,700.0,1.0,35.0,1
705,Kaggalipura,1150.0,2.0,57.5,3
706,Kaikondrahalli,1645.0,3.0,100.0,3
707,Kaikondrahalli,1300.0,2.0,61.0,2
708,Kalena Agrahara,1425.0,2.0,70.0,3
709,Kalena Agrahara,1565.0,3.0,78.0,3
710,Kalena Agrahara,800.0,2.0,40.0,2
711,Kalena Agrahara,1837.0,2.0,95.0,3
712,Kalena Agrahara,1510.0,3.0,78.0,3
713,Kalena Agrahara,1354.0,2.0,70.0,2
714,Kalena Agrahara,1354.0,2.0,71.0,2
715,Kalyan nagar,1375.0,3.0,75.0,3
716,Kalyan nagar,1640.0,3.0,88.0,3
717,Kalyan nagar,1250.0,2.0,65.0,2
718,Kalyan nagar,1190.0,2.0,60.0,2
719,Kambipura,883.0,2.0,45.0,2
720,Kambipura,883.0,2.0,45.0,2
721,Kambipura,883.0,2.0,45.0,2
722,Kambipura,1082.0,2.0,55.0,3
723,Kambipura,883.0,2.0,44.0,2
724,Kambipura,883.0,2.0,45.0,2
725,Kambipura,1082.0,2.0,55.0,3
726,Kanakapura,1419.0,3.0,75.0,3
727,Kanakapura,711.0,1.0,36.0,1
728,Kanakapura,711.0,1.0,38.0,1
729,Kanakapura,551.0,1.0,30.0,1
730,Kanakapura,1476.0,3.0,75.0,3
731,Kanakapura,1151.0,2.0,59.0,2
732,Kanakapura,1450.0,3.0,75.0,3
733,Kanakapura,938.0,1.0,50.0,1
734,Kanakpura Road,700.0,2.0,36.0,2
735,Kanakpura Road,1665.0,3.0,88.0,3
737,Kanakpura Road,525.0,1.0,26.0,1
738,Kanakpura Road,525.0,1.0,27.25,1
739,Kanakpura Road,1100.0,2.0,58.0,3
741,Kanakpura Road,1100.0,3.0,58.0,3
742,Kanakpura Road,525.0,1.0,26.0,1
743,Kanakpura Road,1843.0,3.0,95.84,3
744,Kanakpura Road,1665.0,3.0,86.58,3
745,Kanakpura Road,1300.0,2.0,69.0,3
746,Kanakpura Road,900.0,2.0,46.0,2
749,Kanakpura Road,900.0,2.0,46.0,2
750,Kanakpura Road,900.0,2.0,46.0,2
752,Kanakpura Road,1135.0,2.0,58.0,2
753,Kanakpura Road,1420.0,2.0,75.0,3
754,Kanakpura Road,983.0,2.0,50.6,2
756,Kanakpura Road,1843.0,3.0,95.84,3
758,Kanakpura Road,525.0,1.0,25.0,1
761,Kanakpura Road,1300.0,3.0,69.0,3
762,Kanakpura Road,1700.0,3.0,88.0,3
763,Kanakpura Road,1900.0,3.0,99.0,3
767,Kanakpura Road,670.0,1.0,35.0,1
772,Kanakpura Road,525.0,2.0,27.0,1
773,Kanakpura Road,1665.0,3.0,86.91,3
774,Kanakpura Road,1665.0,3.0,86.58,3
775,Kanakpura Road,712.0,1.0,38.44,1
778,Kanakpura Road,525.0,1.0,27.0,1
779,Kanakpura Road,525.0,1.0,27.5,1
780,Kanakpura Road,525.0,1.0,26.25,1
781,Kanakpura Road,525.0,1.0,26.0,1
785,Kanakpura Road,1843.0,3.0,96.2,3
787,Kanakpura Road,1240.0,2.0,65.0,2
791,Kanakpura Road,1100.0,3.0,58.0,3
793,Kanakpura Road,525.0,1.0,26.01,1
794,Kanakpura Road,1300.0,3.0,69.0,3
795,Kanakpura Road,648.5,1.0,33.66,1
796,Kanakpura Road,1300.0,3.0,69.0,3
798,Kanakpura Road,1300.0,3.0,69.0,3
800,Kanakpura Road,700.0,2.0,36.0,2
803,Kanakpura Road,525.0,2.0,27.0,1
804,Kanakpura Road,1100.0,3.0,58.0,3
805,Kanakpura Road,1300.0,2.0,69.0,3
806,Kanakpura Road,2000.0,3.0,105.0,3
807,Kanakpura Road,1200.0,2.0,62.0,2
808,Kanakpura Road,1843.0,3.0,95.0,3
810,Kanakpura Road,900.0,2.0,46.29,2
811,Kanakpura Road,1843.0,3.0,96.2,3
812,Kanakpura Road,525.0,1.0,26.0,1
815,Kanakpura Road,700.0,2.0,36.0,2
817,Kannamangala,1536.0,3.0,89.0,3
818,Kannamangala,1574.0,3.0,93.34,3
819,Kasavanhalli,1717.0,3.0,99.0,3
820,Kasavanhalli,1799.0,3.0,90.0,3
821,Kasavanhalli,1646.0,3.0,79.5,3
822,Kasavanhalli,1555.0,3.0,82.5,3
823,Kasavanhalli,1493.0,3.0,82.0,3
824,Kasavanhalli,1450.0,3.0,77.41,3
825,Kasavanhalli,2100.0,3.0,110.0,3
826,Kasavanhalli,2111.0,4.0,120.0,3
827,Kasavanhalli,1667.0,3.0,92.0,3
828,Kasavanhalli,1494.0,3.0,82.0,3
829,Kasavanhalli,1555.0,3.0,82.0,3
830,Kasavanhalli,1147.0,2.0,60.0,2
831,Kasavanhalli,1375.0,2.0,72.0,2
832,Kasavanhalli,1200.0,2.0,60.0,2
833,Kasavanhalli,1225.0,2.0,69.0,3
834,Kasavanhalli,2110.0,4.0,120.0,3
835,Kasavanhalli,1069.0,2.0,55.0,2
836,Kasavanhalli,1600.0,3.0,79.0,3
837,Kasavanhalli,1181.0,2.0,61.0,2
838,Kasturi Nagar,1565.0,3.0,88.5,3
839,Kasturi Nagar,1500.0,2.0,80.0,3
840,Kasturi Nagar,1100.0,2.0,58.0,2
841,Kasturi Nagar,2507.0,4.0,155.0,4
842,Kathriguppe,1350.0,3.0,78.3,3
843,Kaval Byrasandra,1020.0,2.0,52.0,2
844,Kaval Byrasandra,480.0,1.0,25.0,1
845,Kaval Byrasandra,1180.0,2.0,60.0,2
846,Kaval Byrasandra,1450.0,3.0,75.0,3
847,Kaval Byrasandra,1066.0,2.0,55.0,2
848,Kaval Byrasandra,1400.0,3.0,75.0,3
849,Kenchenahalli,1150.0,2.0,58.0,2
850,Kenchenahalli,1280.0,2.0,69.0,3
851,Kenchenahalli,1410.0,2.0,73.0,3
852,Kenchenahalli,870.0,1.0,45.0,2
853,Kenchenahalli,1150.0,2.0,60.0,2
854,Kenchenahalli,700.0,1.0,35.0,1
855,Kenchenahalli,1150.0,2.0,57.0,2
856,Kengeri,750.0,2.0,38.0,2
857,Kengeri,1200.0,2.0,58.0,2
858,Kengeri,750.0,2.0,36.0,2
859,Kengeri,726.0,2.0,35.0,2
860,Kengeri,416.0,1.0,19.5,1
861,Kengeri,900.0,2.0,45.0,2
862,Kengeri,502.0,1.0,25.0,1
863,Kengeri,750.0,2.0,35.5,2
864,Kengeri,1200.0,2.0,58.0,2
865,Kengeri,750.0,2.0,36.5,2
866,Kengeri,1052.0,2.0,51.0,2
867,Kengeri,1035.0,2.0,51.5,2
868,Kengeri Satellite Town,1030.0,2.0,50.0,2
869,Kengeri Satellite Town,800.0,2.0,40.0,2
870,Kodichikkanahalli,1495.0,2.0,75.0,3
871,Kodichikkanahalli,1125.0,2.0,52.0,2
872,Kodichikkanahalli,1181.0,2.0,57.0,2
873,Kodichikkanahalli,900.0,2.0,42.0,2
874,Kodigehaali,1166.0,2.0,55.0,2
875,Kodigehaali,1320.0,3.0,65.0,3
876,Kodigehaali,1117.0,2.0,56.0,2
877,Kodigehaali,1200.0,2.0,60.0,2
878,Kodigehaali,1013.0,2.0,51.0,2
879,Kodigehaali,1324.0,3.0,65.0,3
880,Kogilu,1170.0,2.0,51.99,2
881,Kogilu,1140.0,2.0,50.66,2
882,Kogilu,1200.0,2.0,53.33,2
883,Kogilu,1140.0,2.0,50.66,2
884,Kogilu,700.0,1.0,30.84,1
885,Kogilu,1250.0,2.0,55.55,2
886,Kogilu,1200.0,2.0,53.33,2
887,Kogilu,700.0,1.0,30.84,1
888,Kogilu,1250.0,2.0,55.55,2
889,Kogilu,1140.0,2.0,50.66,2
890,Kogilu,1140.0,2.0,50.66,2
891,Kothanur,1186.0,2.0,58.0,2
893,Kothanur,1187.0,2.0,58.0,2
895,Kothanur,1185.0,2.0,59.0,2
898,Kothanur,1145.0,2.0,56.0,2
899,Kothanur,1455.0,2.0,69.0,2
900,Kothanur,627.0,1.0,30.0,1
901,Kothanur,1302.0,2.0,68.5,2
902,Kothanur,1185.0,2.0,58.0,2
903,Kothanur,1500.0,1.0,75.0,1
904,Kothanur,1075.0,2.0,53.0,2
905,Kothanur,1790.0,3.0,97.0,3
906,Kothanur,1141.0,2.0,54.0,2
908,Kothanur,1160.0,2.0,57.0,2
909,Kothanur,1095.0,2.0,55.0,2
910,Kothanur,1142.0,2.0,56.0,2
911,Kothanur,1074.0,2.0,54.0,2
912,Kothanur,1285.0,2.0,60.0,2
913,Kothanur,1075.0,2.0,53.0,2
914,Kothanur,1140.0,2.0,56.0,2
915,Kothanur,1400.0,2.0,70.0,2
917,Kothanur,1140.0,2.0,56.0,2
918,Kothanur,1185.0,2.0,59.0,2
919,Kothanur,1130.0,2.0,55.0,2
920,Kothanur,1094.0,2.0,54.0,2
921,Kothanur,1195.0,2.0,59.0,2
923,Kudlu,1152.0,2.0,53.5,2
924,Kudlu,1143.0,2.0,55.0,2
925,Kudlu,1600.0,3.0,79.0,3
926,Kudlu,1076.0,2.0,50.0,2
927,Kudlu,1084.0,2.0,53.0,2
928,Kudlu,1245.0,2.0,60.0,3
929,Kudlu,720.0,1.0,33.0,1
930,Kudlu Gate,1535.0,3.0,83.0,3
931,Kudlu Gate,1535.0,3.0,85.0,3
932,Kudlu Gate,1535.0,3.0,78.0,3
933,Kudlu Gate,1535.0,3.0,86.0,3
934,Kudlu Gate,1535.0,3.0,86.0,3
935,Kudlu Gate,1532.0,3.0,83.0,3
936,Kudlu Gate,1656.0,3.0,80.0,3
937,Kudlu Gate,1535.0,3.0,85.0,3
938,Kumaraswami Layout,1000.0,2.0,48.5,2
939,Kumaraswami Layout,2400.0,2.0,125.0,3
940,Kumaraswami Layout,1310.0,2.0,70.0,3
941,Kumaraswami Layout,3200.0,7.0,150.0,7
942,Kumaraswami Layout,3100.0,7.0,145.0,7
943,Kundalahalli,1030.0,2.0,49.0,2
944,Kundalahalli,1010.0,2.0,49.27,2
945,Kundalahalli,2075.0,3.0,115.0,3
946,Kundalahalli,1120.0,2.0,53.76,2
947,Kundalahalli,1496.0,2.0,78.0,3
948,Kundalahalli,1010.0,2.0,48.27,2
949,Kundalahalli,1260.0,2.0,58.0,2
950,LB Shastri Nagar,1043.0,2.0,55.0,2
951,LB Shastri Nagar,1184.0,2.0,62.0,2
952,LB Shastri Nagar,1000.0,2.0,49.5,2
953,Lingadheeranahalli,2245.0,4.0,154.0,4
954,Lingadheeranahalli,2236.0,4.0,153.0,4
955,Magadi Road,884.0,2.0,41.1,2
956,Magadi Road,1116.0,2.0,51.89,2
957,Magadi Road,1052.0,2.0,60.0,3
958,Magadi Road,1318.0,2.0,68.0,3
959,Mahadevpura,1150.0,2.0,52.0,2
960,Mahadevpura,1260.0,2.0,57.6,2
961,Mahadevpura,730.0,1.0,35.0,1
962,Mahadevpura,1146.0,2.0,53.8,2
963,Mahadevpura,1137.0,2.0,53.4,2
964,Mahadevpura,1450.0,3.0,75.0,3
965,Mahadevpura,1152.0,2.0,54.0,2
966,Mahadevpura,1212.0,2.0,56.9,2
967,Mahadevpura,1505.0,3.0,78.0,3
968,Mahadevpura,1236.0,2.0,58.0,2
969,Mahadevpura,1236.0,2.0,58.0,2
970,Mahadevpura,1120.0,2.0,53.0,2
971,Mallasandra,1665.0,3.0,86.58,3
972,Mallasandra,1325.0,2.0,70.0,2
973,Mallasandra,1665.0,3.0,86.91,3
974,Mallasandra,1325.0,2.0,70.0,2
975,Mallasandra,1325.0,2.0,65.0,2
976,Malleshpalya,1052.0,2.0,50.0,2
977,Malleshpalya,1065.0,2.0,50.0,2
978,Malleshpalya,1210.0,2.0,55.0,2
979,Malleshpalya,1430.0,2.0,69.5,3
981,Marathahalli,1220.0,2.0,57.0,2
982,Marathahalli,1200.0,2.0,60.0,2
983,Marathahalli,950.0,2.0,46.96,2
984,Marathahalli,1019.0,2.0,49.85,2
985,Marathahalli,1019.0,2.0,49.86,2
986,Marathahalli,1220.0,2.0,56.5,2
987,Marathahalli,1575.0,3.0,78.0,3
988,Marathahalli,1152.0,2.0,56.0,2
989,Marathahalli,1610.0,3.0,90.0,3
991,Marathahalli,1840.0,3.0,98.0,3
992,Marathahalli,957.0,2.0,46.9,2
993,Marathahalli,1350.0,3.0,72.0,3
994,Marathahalli,1071.0,2.0,52.25,2
995,Marathahalli,1215.0,2.0,58.86,2
996,Marathahalli,1102.0,2.0,53.67,2
997,Marathahalli,1305.0,2.0,69.0,3
998,Marathahalli,1215.0,2.0,58.86,2
999,Marathahalli,1785.0,3.0,94.0,3
1000,Marathahalli,1525.0,3.0,90.0,3
1001,Marathahalli,1550.0,3.0,83.0,3
1002,Marathahalli,957.0,2.0,47.0,2
1003,Marathahalli,1230.0,2.0,57.0,2
1004,Marathahalli,1200.0,2.0,58.0,2
1005,Marathahalli,1650.0,3.0,86.45,3
1006,Marathahalli,1075.0,2.0,52.43,2
1007,Marathahalli,1220.0,2.0,58.5,2
1008,Marathahalli,950.0,2.0,45.68,2
1009,Marathahalli,1595.0,3.0,90.0,3
1010,Marathahalli,1710.0,3.0,100.0,3
1011,Marathahalli,1102.0,2.0,53.67,2
1012,Marathahalli,1026.0,2.0,49.95,2
1013,Marathahalli,1435.0,3.0,73.0,3
1014,Marathahalli,1220.0,2.0,59.0,2
1015,Marathahalli,1130.0,2.0,58.0,3
1016,Marathahalli,1710.0,3.0,100.0,3
1017,Marathahalli,700.0,1.0,38.0,1
1018,Marathahalli,1385.0,2.0,68.5,3
1019,Marathahalli,1065.0,2.0,55.0,2
1020,Marathahalli,1196.0,2.0,57.9,2
1021,Marathahalli,1595.0,3.0,88.0,3
1022,Marathahalli,2122.0,3.0,125.0,3
1024,Marathahalli,1125.0,2.0,55.0,2
1025,Marathahalli,1950.0,3.0,115.0,3
1026,Marathahalli,1125.0,2.0,56.8,2
1027,Marathahalli,957.0,2.0,47.0,2
1029,Marathahalli,1125.0,2.0,54.8,2
1030,Marathahalli,950.0,2.0,46.7,2
1031,Marathahalli,1550.0,3.0,85.0,3
1032,Marathahalli,1019.0,2.0,49.86,2
1033,Marathahalli,1135.0,2.0,60.0,2
1034,Marathahalli,1102.0,2.0,53.67,2
1035,Marathahalli,1108.0,2.0,60.0,3
1036,Marathahalli,1026.0,2.0,50.18,2
1037,Marathahalli,1800.0,3.0,95.0,3
1038,Marathahalli,1650.0,3.0,85.0,3
1039,Marathahalli,1100.0,2.0,50.0,2
1040,Marathahalli,1196.0,2.0,57.95,2
1042,Margondanahalli,1200.0,2.0,58.5,2
1043,Margondanahalli,1625.0,3.0,80.0,3
1044,Margondanahalli,1100.0,2.0,55.0,2
1045,Margondanahalli,1334.0,2.0,67.76,2
1046,Munnekollal,1102.0,2.0,53.67,2
1047,Munnekollal,1390.0,3.0,68.0,3
1048,Munnekollal,950.0,2.0,46.5,2
1049,Munnekollal,1750.0,3.0,86.5,3
1050,Munnekollal,1200.0,2.0,57.9,3
1051,Munnekollal,1030.0,2.0,50.36,2
1052,Murugeshpalya,1855.0,3.0,96.0,3
1053,Mysore Road,1020.0,2.0,48.95,2
1054,Mysore Road,980.0,2.0,45.47,2
1055,Mysore Road,883.0,2.0,40.0,2
1056,Mysore Road,883.0,2.0,40.95,2
1057,Mysore Road,1070.0,2.0,49.65,2
1058,Mysore Road,883.0,2.0,45.0,2
1059,Mysore Road,940.0,2.0,43.61,2
1060,Mysore Road,1500.0,3.0,74.0,3
1061,Mysore Road,1020.0,2.0,48.95,2
1062,NGR Layout,1020.0,2.0,45.9,2
1063,NGR Layout,1105.0,2.0,49.73,2
1064,NGR Layout,1022.0,2.0,45.9,2
1065,NGR Layout,1019.0,2.0,45.9,2
1066,NGR Layout,1020.0,2.0,46.0,2
1067,NGR Layout,1021.0,2.0,46.0,2
1068,NGR Layout,1021.0,2.0,45.9,2
1069,Nagarbhavi,1055.0,2.0,55.0,2
1070,Nagarbhavi,1223.0,2.0,60.0,2
1071,Nagarbhavi,956.0,2.0,49.0,2
1072,Nagarbhavi,1515.0,2.0,79.0,3
1074,Nagarbhavi,1120.0,2.0,53.0,2
1075,Nagarbhavi,1635.0,3.0,85.0,3
1076,Nagarbhavi,1080.0,2.0,49.0,2
1077,Nagarbhavi,1225.0,2.0,58.0,2
1078,Nagasandra,2400.0,4.0,145.0,4
1079,Nagasandra,1650.0,3.0,95.0,3
1080,Nagavara,1247.0,2.0,58.56,2
1081,Narayanapura,1485.0,3.0,85.0,3
1082,Narayanapura,2357.0,3.0,135.0,3
1083,Narayanapura,2357.0,3.0,135.0,3
1084,Neeladri Nagar,1363.0,2.0,68.0,2
1085,Neeladri Nagar,2556.0,3.0,133.0,3
1086,Neeladri Nagar,527.0,1.0,26.0,1
1087,Neeladri Nagar,2111.0,3.0,103.0,3
1088,Nehru Nagar,1374.0,3.0,72.0,3
1089,Nehru Nagar,1269.0,2.0,63.0,3
1090,Nehru Nagar,1674.0,3.0,81.0,3
1091,OMBR Layout,1730.0,3.0,93.0,3
1092,Old Airport Road,2732.0,4.0,204.0,4
1093,Old Airport Road,3356.0,4.0,251.0,4
1094,Old Airport Road,2774.0,4.0,207.0,4
1095,Old Airport Road,2690.0,4.0,191.0,4
1096,Old Airport Road,2690.0,4.0,199.0,4
1097,Old Airport Road,2690.0,4.0,191.0,4
1098,Old Airport Road,2658.0,5.0,187.0,4
1099,Old Airport Road,2774.0,4.0,208.0,4
1100,Old Airport Road,2774.0,4.0,208.0,4
1101,Old Airport Road,2690.0,4.0,201.0,4
1102,Old Airport Road,2732.0,4.0,194.0,4
1103,Old Airport Road,2658.0,5.0,189.0,4
1104,Old Airport Road,2774.0,4.0,197.0,4
1105,Old Airport Road,3496.0,4.0,262.0,4
1106,Old Airport Road,2774.0,4.0,197.0,4
1107,Old Airport Road,2732.0,4.0,204.0,4
1108,Old Airport Road,2774.0,4.0,208.0,4
1109,Old Airport Road,3504.0,4.0,262.0,4
1110,Old Madras Road,935.0,2.0,45.0,2
1111,Old Madras Road,1720.0,3.0,100.0,3
1112,Old Madras Road,2760.0,5.0,157.0,3
1113,Old Madras Road,935.0,2.0,45.0,2
1114,Old Madras Road,2640.0,5.0,142.0,3
1115,Old Madras Road,1480.0,2.0,84.0,3
1116,Old Madras Road,1425.0,2.0,74.31,3
1117,Old Madras Road,2990.0,5.0,173.0,3
1118,Old Madras Road,2640.0,5.0,150.0,3
1119,Old Madras Road,2990.0,3.0,170.0,3
1120,Old Madras Road,1530.0,3.0,76.34,3
1121,Padmanabhanagar,1176.0,2.0,62.0,2
1122,Padmanabhanagar,1708.0,2.0,90.5,3
1123,Padmanabhanagar,1360.0,2.0,75.0,3
1124,Padmanabhanagar,1200.0,2.0,60.0,2
1125,Padmanabhanagar,1710.0,2.0,90.63,3
1126,Padmanabhanagar,1250.0,2.0,70.0,3
1127,Padmanabhanagar,1350.0,3.0,71.55,3
1128,Padmanabhanagar,1360.0,3.0,75.0,3
1129,Pai Layout,1100.0,2.0,50.0,2
1130,Pai Layout,1175.0,2.0,60.0,2
1131,Pai Layout,3800.0,6.0,175.0,6
1132,Pai Layout,1068.0,2.0,48.0,2
1133,Panathur,1695.0,3.0,90.0,3
1134,Panathur,1205.0,2.0,62.9,2
1135,Panathur,1235.0,2.0,65.0,2
1136,Pattandur Agrahara,1550.0,2.0,80.0,3
1137,Pattandur Agrahara,1247.0,2.0,59.8,2
1138,Pattandur Agrahara,900.0,2.0,42.0,2
1139,Pattandur Agrahara,1302.0,2.0,66.0,2
1140,Pattandur Agrahara,1550.0,2.0,80.0,3
1141,Pattandur Agrahara,1247.0,2.0,62.35,2
1142,Pattandur Agrahara,1350.0,2.0,68.0,2
1143,Poorna Pragna Layout,960.0,2.0,50.0,2
1144,R.T. Nagar,1560.0,3.0,85.0,3
1145,R.T. Nagar,1235.0,2.0,65.0,2
1146,R.T. Nagar,1200.0,2.0,60.0,2
1147,R.T. Nagar,1400.0,2.0,78.0,3
1148,R.T. Nagar,3600.0,8.0,165.0,9
1149,Rachenahalli,1050.0,2.0,52.07,2
1151,Rachenahalli,1050.0,2.0,55.5,2
1153,Rachenahalli,1050.0,2.0,53.5,2
1155,Rachenahalli,1220.0,2.0,59.5,2
1156,Rachenahalli,1050.0,2.0,52.5,2
1157,Rachenahalli,1050.0,2.0,52.1,2
1158,Rachenahalli,1050.0,2.0,53.5,2
1159,Rachenahalli,1113.0,2.0,55.0,2
1162,Rachenahalli,1050.0,2.0,52.5,2
1164,Rachenahalli,1050.0,2.0,55.5,2
1165,Rachenahalli,985.0,2.0,49.97,2
1166,Rachenahalli,1050.0,2.0,52.5,2
1167,Rachenahalli,1050.0,2.0,52.08,2
1168,Rachenahalli,1050.0,2.0,52.07,2
1170,Rachenahalli,1050.0,2.0,52.08,2
1171,Rachenahalli,985.0,2.0,49.97,2
1172,Rachenahalli,1050.0,2.0,52.5,2
1173,Rachenahalli,985.0,2.0,50.17,2
1174,Rachenahalli,985.0,2.0,50.17,2
1175,Rachenahalli,1050.0,2.0,52.71,2
1176,Raja Rajeshwari Nagar,500.0,1.0,25.0,1
1177,Raja Rajeshwari Nagar,1258.0,2.0,63.53,2
1178,Raja Rajeshwari Nagar,1157.0,2.0,53.8,2
1179,Raja Rajeshwari Nagar,1030.0,2.0,50.0,2
1180,Raja Rajeshwari Nagar,1168.0,2.0,61.0,2
1182,Raja Rajeshwari Nagar,648.0,1.0,31.75,1
1183,Raja Rajeshwari Nagar,1100.0,2.0,55.0,2
1184,Raja Rajeshwari Nagar,1070.0,2.0,50.0,2
1185,Raja Rajeshwari Nagar,4800.0,8.0,225.0,8
1186,Raja Rajeshwari Nagar,1608.0,2.0,85.0,2
1187,Raja Rajeshwari Nagar,1395.0,2.0,72.0,3
1188,Raja Rajeshwari Nagar,1100.0,2.0,50.0,2
1189,Raja Rajeshwari Nagar,3900.0,6.0,195.0,6
1190,Raja Rajeshwari Nagar,1110.0,2.0,52.0,2
1191,Raja Rajeshwari Nagar,1580.0,3.0,83.74,3
1192,Raja Rajeshwari Nagar,1640.0,3.0,86.8,3
1193,Raja Rajeshwari Nagar,1090.0,2.0,57.0,2
1194,Raja Rajeshwari Nagar,1090.0,2.0,57.0,2
1195,Raja Rajeshwari Nagar,945.0,2.0,45.0,2
1196,Raja Rajeshwari Nagar,1700.0,2.0,86.0,3
1197,Raja Rajeshwari Nagar,1270.0,2.0,62.0,2
1199,Raja Rajeshwari Nagar,1000.0,2.0,50.0,2
1200,Raja Rajeshwari Nagar,1850.0,3.0,98.0,3
1201,Raja Rajeshwari Nagar,1141.0,2.0,60.0,2
1202,Rajiv Nagar,2340.0,4.0,148.0,4
1203,Rajiv Nagar,2340.0,5.0,160.0,4
1204,Ramagondanahalli,540.0,1.0,30.0,1
1205,Ramagondanahalli,2040.0,3.0,114.0,3
1206,Ramamurthy Nagar,1040.0,2.0,50.0,2
1207,Ramamurthy Nagar,700.0,2.0,33.0,2
1208,Ramamurthy Nagar,1334.0,2.0,67.0,2
1209,Ramamurthy Nagar,1200.0,2.0,57.9,2
1210,Ramamurthy Nagar,1050.0,2.0,51.66,2
1211,Ramamurthy Nagar,2316.0,3.0,125.0,3
1212,Rayasandra,1253.0,2.0,57.0,2
1213,Rayasandra,583.0,1.0,26.9,1
1214,Rayasandra,1198.0,2.0,54.0,2
1215,Rayasandra,470.0,1.0,21.0,1
1216,Sahakara Nagar,1100.0,2.0,56.0,2
1217,Sahakara Nagar,1150.0,2.0,54.0,2
1218,Sahakara Nagar,1048.0,2.0,50.0,2
1219,Sahakara Nagar,1160.0,2.0,55.0,2
1220,Sahakara Nagar,1100.0,2.0,55.0,2
1221,Sahakara Nagar,1100.0,2.0,55.0,2
1222,Sahakara Nagar,1200.0,2.0,60.0,2
1223,Sahakara Nagar,1032.0,2.0,45.0,2
1224,Sahakara Nagar,1200.0,2.0,54.0,2
1225,Sarjapur,1285.0,2.0,68.0,3
1226,Sarjapur,2885.0,3.0,185.0,4
1227,Sarjapur  Road,2497.0,3.0,140.0,3
1228,Sarjapur  Road,1787.0,3.0,98.29,3
1229,Sarjapur  Road,1035.0,2.0,49.2,2
1230,Sarjapur  Road,2100.0,3.0,125.0,3
1231,Sarjapur  Road,1210.0,2.0,58.0,2
1232,Sarjapur  Road,1346.0,2.0,61.92,2
1233,Sarjapur  Road,1128.0,2.0,59.0,2
1234,Sarjapur  Road,1300.0,2.0,60.0,2
1235,Sarjapur  Road,1929.0,4.0,103.0,3
1236,Sarjapur  Road,1155.0,2.0,58.0,2
1237,Sarjapur  Road,1819.0,3.0,100.0,3
1238,Sarjapur  Road,1845.0,4.0,110.0,3
1239,Sarjapur  Road,1300.0,2.0,70.0,3
1240,Sarjapur  Road,1725.0,3.0,90.0,3
1241,Sarjapur  Road,1084.0,2.0,55.0,2
1242,Sarjapur  Road,1220.0,3.0,62.0,3
1243,Sarjapur  Road,1888.0,4.0,95.0,3
1244,Sarjapur  Road,1200.0,3.0,70.0,3
1245,Sarjapur  Road,984.0,2.0,45.91,2
1246,Sarjapur  Road,1400.0,2.0,68.0,2
1247,Sarjapur  Road,1691.0,3.0,98.0,3
1248,Sarjapur  Road,1592.0,3.0,91.0,3
1249,Sarjapur  Road,985.0,2.0,49.0,2
1250,Sarjapur  Road,1525.0,2.0,87.0,3
1251,Sarjapur  Road,1750.0,3.0,99.0,3
1252,Sarjapur  Road,1500.0,3.0,88.0,3
1253,Sarjapur  Road,1700.0,3.0,95.0,3
1254,Sarjapur  Road,1230.0,2.0,65.0,2
1255,Sarjapur  Road,1939.0,3.0,98.0,3
1256,Sarjapur  Road,984.0,2.0,45.91,2
1257,Sarjapur  Road,1700.0,3.0,93.5,3
1258,Sarjapur  Road,1060.0,2.0,55.0,2
1259,Sarjapur  Road,1539.0,3.0,85.0,3
1260,Sarjapur  Road,1489.0,2.0,82.0,3
1261,Sarjapur  Road,1163.0,2.0,62.0,3
1262,Sarjapur  Road,3004.0,4.0,158.0,3
1263,Sarjapur  Road,1342.0,2.0,70.0,2
1264,Sarjapur  Road,1035.0,2.0,49.0,2
1265,Sarjapur  Road,1457.0,3.0,85.0,3
1266,Sarjapur  Road,1350.0,2.0,68.0,2
1267,Sarjapur  Road,1200.0,3.0,70.0,3
1268,Sarjapur  Road,1157.0,2.0,57.84,3
1269,Sarjapur  Road,1550.0,2.0,89.0,3
1270,Sarjapur  Road,1060.0,2.0,50.0,2
1271,Sarjapur  Road,984.0,2.0,45.91,2
1272,Sarjapur  Road,1929.0,4.0,101.0,3
1273,Sarjapur  Road,1929.0,3.0,103.0,3
1274,Sarjapur  Road,1797.0,4.0,95.0,3
1275,Sarjapur  Road,1763.25,3.0,98.0,3
1276,Sarjapur  Road,1450.0,2.0,75.0,3
1277,Sarjapur  Road,1819.0,3.0,100.0,3
1278,Sarjapur  Road,1489.0,3.0,88.0,3
1279,Sarjapur  Road,1700.0,3.0,93.5,3
1280,Sarjapur  Road,1862.0,4.0,110.0,3
1281,Sarjapur  Road,1691.0,3.0,93.01,3
1282,Sarjapur  Road,1181.0,2.0,65.0,3
1283,Sarjapur  Road,1691.0,3.0,100.0,3
1284,Sarjapur  Road,1130.0,2.0,55.0,2
1285,Sarjapur  Road,1346.0,2.0,67.38,2
1286,Sarjapur  Road,984.0,2.0,45.91,2
1287,Sarjapur  Road,1222.0,2.0,68.0,3
1288,Sarjapur  Road,1314.0,2.0,70.44,3
1289,Sarjapur  Road,702.0,1.0,35.8,1
1290,Sarjapur  Road,1273.0,2.0,60.0,2
1291,Sarjapur  Road,1157.0,2.0,69.0,3
1292,Sarjapur  Road,1370.0,2.0,70.0,2
1293,Sarjapur  Road,475.0,1.0,26.0,1
1294,Sarjapur  Road,1197.0,2.0,56.86,2
1295,Sarjapur  Road,1194.0,2.0,57.0,2
1296,Sarjapur  Road,984.0,2.0,45.75,2
1297,Sarjapur  Road,1346.0,2.0,69.61,2
1298,Sarjapur  Road,1044.0,2.0,55.0,2
1299,Sarjapur  Road,1600.0,3.0,85.0,3
1300,Sarjapur  Road,1691.0,3.0,100.0,3
1301,Sarjapur  Road,1565.0,3.0,78.0,3
1302,Sarjapur  Road,1112.0,2.0,58.0,2
1303,Sector 2 HSR Layout,1600.0,3.0,90.0,3
1304,Seegehalli,4000.0,3.0,235.0,3
1305,Shampura,700.0,1.0,35.0,2
1306,Shampura,1400.0,3.0,70.0,3
1307,Singasandra,1300.0,2.0,65.0,2
1308,Singasandra,1510.0,3.0,75.0,3
1309,Singasandra,1179.0,2.0,56.0,2
1310,Singasandra,1476.0,2.0,73.0,3
1311,Somasundara Palya,1448.0,2.0,68.0,2
1312,Somasundara Palya,1260.0,2.0,60.0,2
1313,Somasundara Palya,1329.0,2.0,70.0,2
1314,Sonnenahalli,896.0,2.0,43.75,2
1315,Sonnenahalli,1011.0,2.0,50.53,2
1316,Sonnenahalli,1484.0,3.0,74.18,3
1317,Sonnenahalli,1610.0,3.0,80.48,3
1318,Sonnenahalli,605.0,1.0,30.24,1
1319,Sonnenahalli,1484.0,3.0,75.0,3
1320,Subramanyapura,1245.0,2.0,68.0,3
1321,Subramanyapura,1313.0,2.0,66.5,2
1322,Subramanyapura,1330.0,3.0,72.0,3
1323,Subramanyapura,929.0,2.0,48.0,2
1324,Subramanyapura,1800.0,3.0,90.0,3
1325,Subramanyapura,1278.0,3.0,62.71,3
1326,Subramanyapura,1278.0,3.0,70.0,3
1327,Subramanyapura,929.0,2.0,49.0,2
1328,Subramanyapura,2495.0,3.0,130.0,3
1329,Sultan Palaya,900.0,2.0,45.0,2
1330,Sultan Palaya,1070.0,2.0,49.0,2
1331,TC Palaya,1200.0,2.0,66.0,3
1332,TC Palaya,1200.0,3.0,66.0,3
1333,TC Palaya,1350.0,2.0,75.0,3
1334,TC Palaya,1200.0,2.0,66.0,3
1335,TC Palaya,1200.0,2.0,66.5,3
1336,TC Palaya,1200.0,2.0,66.0,3
1337,TC Palaya,1200.0,2.0,66.5,3
1338,TC Palaya,1200.0,2.0,66.0,3
1339,TC Palaya,1500.0,3.0,83.0,3
1340,TC Palaya,1200.0,2.0,66.0,3
1341,TC Palaya,1200.0,3.0,66.0,3
1342,TC Palaya,1200.0,2.0,66.0,3
1343,TC Palaya,1200.0,2.0,66.0,3
1344,TC Palaya,1200.0,2.0,66.0,3
1345,TC Palaya,1200.0,2.0,66.0,3
1346,TC Palaya,1200.0,2.0,66.0,3
1347,TC Palaya,1200.0,2.0,66.0,3
1348,TC Palaya,1200.0,2.0,66.0,3
1349,TC Palaya,1200.0,2.0,66.0,3
1350,Talaghattapura,1575.0,3.0,80.0,3
1351,Talaghattapura,1175.0,2.0,62.0,2
1352,Thanisandra,510.0,1.0,25.25,1
1353,Thanisandra,1436.0,3.0,74.75,3
1354,Thanisandra,1825.0,3.0,100.0,3
1356,Thanisandra,510.0,1.0,25.25,1
1357,Thanisandra,1183.0,2.0,58.56,2
1359,Thanisandra,693.0,1.0,34.3,1
1360,Thanisandra,2002.0,3.0,112.0,3
1362,Thanisandra,1743.0,3.0,93.25,3
1363,Thanisandra,923.0,1.0,45.69,1
1364,Thanisandra,1183.0,2.0,59.74,2
1365,Thanisandra,1922.0,3.0,106.0,3
1366,Thanisandra,1437.0,2.0,71.13,2
1368,Thanisandra,1200.0,2.0,65.0,3
1370,Thanisandra,1917.0,4.0,100.0,3
1371,Thanisandra,693.0,1.0,34.3,1
1373,Thanisandra,1200.0,2.0,60.0,2
1374,Thanisandra,1917.0,3.0,110.0,3
1375,Thanisandra,1881.0,3.0,95.0,3
1376,Thanisandra,1183.0,2.0,58.56,2
1377,Thanisandra,1241.0,2.0,65.0,3
1378,Thanisandra,580.0,1.0,27.5,1
1379,Thanisandra,1340.0,2.0,66.33,2
1380,Thanisandra,1262.0,2.0,65.0,3
1381,Thanisandra,1140.0,2.0,59.0,2
1382,Thanisandra,1573.0,3.0,90.0,3
1384,Thanisandra,1241.0,2.0,68.0,3
1385,Thanisandra,663.0,1.0,32.82,1
1386,Thigalarapalya,3122.0,6.0,230.0,4
1387,Thigalarapalya,3122.0,6.0,235.0,4
1388,Thigalarapalya,3122.0,5.0,225.0,4
1389,Thigalarapalya,2912.0,6.0,210.0,4
1390,Thigalarapalya,3122.0,6.0,235.0,4
1391,Thigalarapalya,3362.0,5.0,249.0,4
1392,Thubarahalli,1540.0,3.0,90.0,3
1393,Thubarahalli,1540.0,3.0,90.0,3
1394,Tindlu,1165.0,2.0,59.8,2
1395,Tindlu,1050.0,2.0,55.0,2
1396,Tumkur Road,1789.0,3.0,98.0,3
1397,Tumkur Road,1066.0,2.0,52.5,2
1398,Tumkur Road,1060.0,2.0,58.3,3
1399,Ulsoor,2500.0,4.0,170.0,4
1400,Uttarahalli,1286.0,2.0,63.0,2
1401,Uttarahalli,1345.0,2.0,67.0,2
1402,Uttarahalli,1008.0,2.0,45.0,2
1403,Uttarahalli,850.0,2.0,37.93,2
1404,Uttarahalli,1700.0,3.0,88.0,3
1405,Uttarahalli,1685.0,3.0,85.0,3
1406,Uttarahalli,1190.0,2.0,53.55,2
1407,Uttarahalli,980.0,2.0,45.0,2
1408,Uttarahalli,1265.0,2.0,65.0,3
1409,Uttarahalli,1200.0,2.0,55.0,2
1410,Uttarahalli,1460.0,3.0,76.0,3
1411,Uttarahalli,1120.0,2.0,50.0,2
1412,Uttarahalli,1000.0,2.0,52.0,2
1413,Varthur,1280.0,2.0,65.0,2
1414,Varthur,1140.0,2.0,55.5,2
1415,Varthur,1450.0,3.0,71.0,3
1416,Varthur,1210.0,2.0,60.0,2
1417,Varthur,1155.0,2.0,60.0,2
1418,Varthur,1760.0,2.0,85.0,2
1419,Vidyaranyapura,1200.0,2.0,55.0,2
1420,Vidyaranyapura,1060.0,2.0,55.0,2
1421,Vidyaranyapura,1100.0,2.0,54.0,2
1422,Vidyaranyapura,1440.0,2.0,70.0,3
1423,Vidyaranyapura,1100.0,2.0,54.0,2
1424,Vidyaranyapura,1100.0,2.0,54.0,2
1425,Vidyaranyapura,1200.0,2.0,65.0,3
1426,Vidyaranyapura,1200.0,2.0,52.0,2
1427,Vidyaranyapura,1050.0,2.0,50.0,2
1428,Vidyaranyapura,1200.0,2.0,60.5,2
1429,Vijayanagar,1500.0,3.0,75.5,3
1430,Vijayanagar,1352.0,2.0,68.0,2
1431,Vijayanagar,1200.0,2.0,62.0,2
1432,Vijayanagar,1484.0,3.0,79.19,3
1433,Vijayanagar,864.0,2.0,45.0,2
1434,Vijayanagar,2400.0,6.0,125.0,5
1435,Vijayanagar,1375.0,2.0,75.0,3
1436,Vittasandra,1404.0,2.0,71.0,2
1437,Vittasandra,1246.0,2.0,64.5,2
1438,Vittasandra,1246.0,2.0,64.5,2
1439,Vittasandra,1246.0,2.0,62.3,2
1440,Vittasandra,1246.0,2.0,63.0,2
1441,Vittasandra,1650.0,3.0,84.0,3
1442,Vittasandra,1650.0,3.0,85.0,3
1443,Vittasandra,1404.0,2.0,70.0,2
1444,Vittasandra,1650.0,3.0,85.5,3
1445,Vittasandra,1650.0,3.0,85.0,3
1446,Vittasandra,1650.0,3.0,85.5,3
1447,Vittasandra,1404.0,2.0,72.0,2
1448,Vittasandra,1404.0,2.0,70.0,2
1449,Vittasandra,1648.0,3.0,85.0,3
1450,Whitefield,1610.0,3.0,81.0,3
1453,Whitefield,1768.0,3.0,101.0,3
1454,Whitefield,1790.0,3.0,100.0,3
1455,Whitefield,1720.0,3.0,100.0,3
1457,Whitefield,1640.0,4.0,91.0,3
1459,Whitefield,2280.0,4.0,126.0,3
1460,Whitefield,2225.0,2.0,125.0,3
1461,Whitefield,1697.0,3.0,94.79,3
1463,Whitefield,2842.0,3.0,162.0,3
1464,Whitefield,1405.0,2.0,78.0,3
1465,Whitefield,2225.0,3.0,115.0,3
1467,Whitefield,1626.0,3.0,89.0,3
1468,Whitefield,1585.0,3.0,88.0,3
1469,Whitefield,1200.0,3.0,68.5,3
1471,Whitefield,950.0,1.0,50.0,1
1472,Whitefield,825.0,1.0,45.0,1
1474,Whitefield,1635.0,2.0,85.0,3
1475,Whitefield,2321.0,4.0,128.0,3
1477,Whitefield,2500.0,4.0,155.0,4
1480,Whitefield,1545.0,3.0,79.0,3
1481,Whitefield,1200.0,3.0,61.96,3
1483,Whitefield,2400.0,4.0,147.0,4
1484,Whitefield,1700.0,3.0,95.0,3
1488,Whitefield,1745.0,3.0,100.0,3
1489,Whitefield,825.0,1.0,44.9,1
1490,Whitefield,530.0,1.0,29.44,1
1492,Whitefield,905.0,1.0,50.0,1
1493,Whitefield,1600.0,3.0,82.0,3
1497,Whitefield,1200.0,3.0,68.4,3
1498,Whitefield,2173.0,3.0,128.0,3
1499,Whitefield,1755.0,3.0,101.0,3
1500,Whitefield,2134.0,4.0,118.0,3
1502,Whitefield,1991.0,3.0,104.0,3
1503,Whitefield,1655.0,3.0,97.0,3
1504,Whitefield,1200.0,3.0,67.77,3
1506,Whitefield,3450.0,4.0,208.0,3
1508,Whitefield,3596.0,3.0,200.0,3
1509,Whitefield,1275.0,2.0,65.0,3
1510,Whitefield,1585.0,3.0,84.0,3
1511,Whitefield,1558.0,3.0,90.0,3
1513,Whitefield,1570.0,3.0,88.0,3
1514,Whitefield,2025.0,4.0,115.0,3
1516,Whitefield,1720.0,3.0,98.97,3
1517,Whitefield,1600.0,3.0,95.0,3
1518,Whitefield,1740.0,3.0,95.0,3
1519,Whitefield,1500.0,3.0,78.57,3
1520,Whitefield,1626.0,3.0,85.0,3
1522,Whitefield,1270.0,2.0,65.0,3
1527,Whitefield,1431.0,3.0,85.0,3
1528,Whitefield,524.0,1.0,29.0,1
1529,Whitefield,3075.0,2.0,188.0,4
1531,Whitefield,3565.0,4.0,218.0,4
1533,Whitefield,2280.0,4.0,125.0,3
1537,Whitefield,1396.0,3.0,74.0,3
1538,Whitefield,1615.0,3.0,96.9,3
1542,Whitefield,1200.0,3.0,67.75,3
1545,Yelachenahalli,1080.0,2.0,55.0,2
1546,Yelachenahalli,1365.0,2.0,72.0,3
1547,Yelachenahalli,1103.0,2.0,55.0,2
1548,Yelachenahalli,1000.0,2.0,50.0,2
1549,Yelahanka,1705.0,3.0,95.0,3
1551,Yelahanka,2195.0,4.0,127.0,3
1554,Yelahanka,1825.0,3.0,105.0,3
1556,Yelahanka,1517.0,3.0,76.3,3
1557,Yelahanka,1400.0,2.0,80.54,3
1558,Yelahanka,4000.0,5.0,220.0,5
1559,Yelahanka,1465.0,3.0,80.01,3
1564,Yelahanka,1890.0,3.0,108.0,3
1565,Yelahanka,1556.0,3.0,86.0,3
1566,Yelahanka,1610.0,4.0,85.0,3
1571,Yelahanka,1711.0,3.0,85.61,3
1572,Yelahanka,3600.0,6.0,200.0,6
1574,Yelahanka,1620.0,3.0,90.0,3
1575,Yelahanka,654.0,1.0,36.25,1
1576,Yelahanka,1614.0,3.0,93.0,3
1577,Yelahanka,1653.0,3.0,93.0,3
1579,Yelahanka,697.0,1.0,35.0,1
1580,Yelahanka,682.0,1.0,36.23,1
1582,Yelahanka,1342.0,2.0,75.0,3
1583,Yelahanka,1823.0,3.0,103.0,3
1584,Yelahanka,1792.0,3.0,104.0,3
1585,Yelahanka,1705.0,3.0,91.0,3
1586,Yelahanka,1847.0,3.0,92.0,3
1587,Yelahanka,1890.0,3.0,109.0,3
1588,Yelahanka,700.0,1.0,38.0,1
1589,Yelahanka,1491.0,3.0,85.0,3
1591,Yelahanka,1705.0,3.0,85.0,3
1592,Yelahanka,1355.0,2.0,75.0,3
1594,Yelahanka,602.0,1.0,33.0,1
1595,Yelahanka,602.0,2.0,30.0,1
1597,Yelahanka New Town,650.0,1.0,33.0,1
1598,Yelahanka New Town,1700.0,3.0,90.0,3
1599,Yelahanka New Town,1541.0,3.0,80.0,3
1600,Yelahanka New Town,1599.0,3.0,80.0,3
1601,Yelahanka New Town,960.0,2.0,50.0,2
1602,Yelahanka New Town,1209.0,2.0,65.0,3
1603,Yelahanka New Town,1420.0,2.0,75.0,3
1604,Yelahanka New Town,2437.0,3.0,125.0,3
1605,Yelahanka New Town,1100.0,2.0,58.0,2
1606,Yeshwanthpur,2502.0,3.0,138.0,3
1607,Yeshwanthpur,667.0,1.0,36.85,1
1608,Yeshwanthpur,665.0,1.0,36.85,1
1609,Yeshwanthpur,2557.0,3.0,141.0,3
1610,Yeshwanthpur,1850.0,3.0,100.0,3
1611,Yeshwanthpur,671.0,1.0,36.85,1
1612,Yeshwanthpur,668.0,1.0,36.85,1
1613,Yeshwanthpur,2559.0,3.0,141.0,3
1614,Yeshwanthpur,673.0,1.0,36.85,1
1615,Yeshwanthpur,1382.0,2.0,76.18,3
1616,Yeshwanthpur,669.0,1.0,36.85,1
1617,Yeshwanthpur,1385.0,2.0,76.18,3
1619,Yeshwanthpur,1679.0,3.0,92.13,3
1620,Yeshwanthpur,670.0,1.0,36.85,1
1621,Yeshwanthpur,1381.0,2.0,76.18,3
1622,Yeshwanthpur,1678.0,3.0,92.13,3
1623,Yeshwanthpur,2501.0,3.0,138.0,3
1624,Yeshwanthpur,666.0,1.0,36.8,1
1625,Yeshwanthpur,2504.0,3.0,138.0,3
1626,Yeshwanthpur,1384.0,2.0,76.18,3
1627,Yeshwanthpur,994.0,2.0,54.67,1
1628,Yeshwanthpur,1520.0,3.0,85.0,3
1629,Yeshwanthpur,1677.0,3.0,92.13,3
1630,Yeshwanthpur,674.0,1.0,36.85,1
1631,Yeshwanthpur,1383.0,2.0,76.18,3
1632,Yeshwanthpur,672.0,1.0,36.85,1
1633,Yeshwanthpur,2500.0,3.0,138.0,3
1634,Yeshwanthpur,1676.0,3.0,92.13,3
1635,Yeshwanthpur,2503.0,3.0,138.0,3
1636,Yeshwanthpur,1675.0,3.0,92.13,3
1637,other,4395.0,3.0,240.0,3
1639,other,966.0,2.0,49.9,2
1640,other,1413.0,2.0,75.0,3
1641,other,1870.0,3.0,110.0,3
1642,other,1425.0,2.0,75.0,3
1644,other,1415.0,3.0,78.0,3
1645,other,1148.0,2.0,60.0,2
1646,other,1110.0,2.0,55.0,2
1647,other,1644.0,3.0,84.0,3
1648,other,1060.0,2.0,55.0,2
1649,other,3045.0,3.0,170.0,3
1651,other,950.0,2.0,47.0,2
1654,other,1645.0,3.0,95.0,3
1655,other,950.0,2.0,50.0,2
1658,other,1069.0,2.0,55.0,2
1659,other,1200.0,2.0,62.0,2
1662,other,1600.0,3.0,86.0,3
1664,other,416.0,1.0,18.5,1
1665,other,1630.0,3.0,85.0,3
1666,other,1375.0,3.0,70.0,3
1667,other,469.0,1.0,25.0,1
1670,other,2072.0,3.0,108.0,3
1671,other,1200.0,2.0,70.0,3
1672,other,1350.0,3.0,77.0,3
1673,other,2300.0,3.0,120.0,3
1676,other,1200.0,2.0,62.5,2
1677,other,425.0,1.0,20.03,1
1679,other,1105.0,2.0,58.0,2
1681,other,2400.0,6.0,125.0,8
1682,other,4200.0,5.0,225.0,5
1684,other,1405.0,2.0,70.0,2
1685,other,1600.0,3.0,90.0,3
1687,other,1000.0,2.0,50.0,2
1690,other,1250.0,2.0,62.0,2
1691,other,925.0,2.0,48.0,2
1693,other,1262.0,2.0,63.0,2
1694,other,1515.0,3.0,88.0,3
1695,other,1655.0,3.0,86.06,3
1701,other,1450.0,2.0,85.0,3
1702,other,1756.0,3.0,100.0,3
1705,other,1210.0,2.0,62.0,2
1708,other,1300.0,2.0,65.0,2
1712,other,1000.0,2.0,50.0,2
1713,other,1670.0,3.0,91.86,3
1715,other,1250.0,2.0,65.0,2
1717,other,1115.0,2.0,56.87,2
1718,other,900.0,2.0,45.0,2
1720,other,1210.0,2.0,60.0,2
1721,other,1100.0,2.0,55.0,2
1722,other,1560.0,3.0,85.0,3
1724,other,1500.0,3.0,88.0,3
1730,other,860.0,1.0,43.0,2
1731,other,1942.0,3.0,102.0,3
1733,other,1022.0,2.0,52.0,2
1735,other,1533.0,3.0,85.0,3
1737,other,1350.0,2.0,67.5,2
1738,other,1465.0,2.0,74.72,3
1739,other,600.0,1.0,32.0,1
1740,other,1520.0,3.0,80.0,3
1741,other,1370.0,2.0,75.0,3
1742,other,1700.0,3.0,97.0,3
1745,other,1272.0,4.0,75.0,3
1749,other,1685.0,3.0,95.0,3
1751,other,2000.0,4.0,103.0,5
1753,other,1500.0,2.0,85.0,3
1757,other,1200.0,3.0,66.0,3
1758,other,1069.0,2.0,55.0,2
1759,other,900.0,2.0,45.0,2
1760,other,1364.0,2.0,70.0,2
1763,other,900.0,2.0,46.0,2
1766,other,2400.0,6.0,130.0,6
1768,other,705.0,1.0,36.5,1
1769,other,1340.0,3.0,77.0,3
1772,other,10000.0,16.0,550.0,16
1774,other,1490.0,2.0,88.0,3
1775,other,650.0,1.0,30.0,1
1776,other,910.0,1.0,42.0,1
1777,other,1060.0,3.0,62.0,3
1779,other,1374.0,2.0,70.0,3
1780,other,1080.0,2.0,55.0,2
1781,other,1203.0,2.0,59.86,2
1782,other,1320.0,2.0,73.0,3
1783,other,1100.0,2.0,56.1,2
1784,other,1256.0,2.0,62.8,2
1785,other,1390.0,2.0,80.0,3
1786,other,1550.0,2.0,90.0,3
1788,other,1605.0,2.0,85.0,3
1789,other,1205.0,2.0,60.0,2
1790,other,813.0,1.0,39.0,1
1793,other,500.0,1.0,24.0,1
1796,other,1850.0,3.0,98.0,3
1797,other,1575.0,3.0,93.0,3
1798,other,1300.0,2.0,70.0,3
1799,other,975.0,2.0,50.0,2
1801,other,1827.0,3.0,100.0,3
1802,other,1155.0,2.0,60.0,3
1803,other,1645.0,3.0,95.0,3
1805,other,1545.0,3.0,85.0,3
1807,other,1200.0,2.0,68.0,3
1811,other,1758.0,3.0,95.0,3
1813,other,1645.0,3.0,87.5,3
1814,other,2600.0,3.0,140.0,3
1819,other,1286.0,3.0,67.0,3
1821,other,1103.0,2.0,55.0,2
1822,other,1100.0,2.0,55.0,2
1825,other,450.0,1.0,25.0,1
1826,other,966.0,2.0,49.0,2
1827,other,1550.0,2.0,79.0,3
1828,other,1150.0,2.0,60.0,3
1830,other,1110.0,2.0,58.0,2
1832,other,1250.0,2.0,65.0,3
1835,other,925.0,2.0,48.0,2
1837,other,1200.0,3.0,70.0,3
1840,other,1477.0,2.0,80.0,3
1841,other,1793.0,3.0,98.0,3
1843,other,1852.0,2.0,95.0,3
1846,other,1148.0,2.0,59.0,2
1847,other,1540.0,3.0,85.0,3
1849,other,1100.0,2.0,57.0,2
1851,other,1936.0,3.0,110.0,3
1852,other,1652.5,3.0,90.0,3
1853,other,2159.0,3.0,110.0,3
1854,other,1800.0,3.0,105.0,6
1856,other,1430.0,3.0,78.65,3
1857,other,600.0,2.0,30.0,2
1858,other,920.0,2.0,46.0,2
1859,other,1060.0,2.0,53.0,2
1873,other,1717.0,3.0,99.0,3
1874,other,1430.0,2.0,78.65,3
1878,other,900.0,2.0,45.0,2
1879,other,1145.0,2.0,58.4,2
1880,other,1677.0,3.0,98.0,3
1882,other,1800.0,3.0,95.0,3
1883,other,3150.0,5.0,145.0,8
1886,other,2000.0,3.0,105.0,3
1887,other,1075.0,2.0,55.0,2
1888,other,1069.0,2.0,55.0,2
1889,other,1240.0,2.0,65.0,3
1890,other,1100.0,2.0,55.0,2
1894,other,1540.0,3.0,85.0,3
1896,other,1150.0,2.0,60.0,2
1897,other,1625.0,3.0,92.0,3
1898,other,1640.0,3.0,84.0,3
1902,other,1240.0,2.0,65.0,3
1908,other,2400.0,2.0,125.0,2
1911,other,1570.0,3.0,80.0,3
1912,other,1350.0,3.0,75.0,3
1915,other,1300.0,2.0,67.0,3
1917,other,1050.0,2.0,55.0,2
1919,other,1800.0,2.0,100.0,3
1923,other,6000.0,1.0,276.0,1
1924,other,825.0,2.0,40.0,1
1926,other,600.0,1.0,33.0,1
1927,other,2600.0,3.0,147.0,3
1931,other,1200.0,2.0,61.0,2
1932,other,1768.0,3.0,95.0,3
1934,other,1600.0,2.0,88.0,3
1937,other,2159.0,3.0,120.0,3
1939,other,1645.0,3.0,95.0,3
1941,other,1998.0,3.0,117.0,3
1943,other,1850.0,3.0,95.0,3
1944,other,1471.0,2.0,75.0,3
1947,other,1256.0,2.0,65.0,2
1949,other,900.0,2.0,45.0,2
1950,other,700.0,2.0,35.0,2
1952,other,1000.0,2.0,51.0,2
1954,other,1200.0,2.0,62.0,2
1955,other,1054.0,2.0,53.0,2
1957,other,1056.0,2.0,55.0,2
1959,other,1152.0,2.0,57.0,2
1960,other,1250.0,2.0,62.4,2
1961,other,2400.0,4.0,130.0,3
1963,other,1620.0,3.0,95.0,3
1965,other,1485.0,3.0,78.0,3
1966,other,648.0,1.0,34.0,1
1967,other,1450.0,3.0,75.0,3
1968,other,1095.0,2.0,55.85,2
1969,other,1840.0,1.0,95.0,2
1971,other,1161.0,2.0,59.0,2
1974,other,1600.0,2.0,90.0,3
1976,other,551.0,1.0,30.0,1
1977,other,1780.0,3.0,100.0,3
1981,other,1400.0,2.0,78.0,3
1982,other,1475.0,3.0,80.0,3
1983,other,1721.0,3.0,93.0,3
1986,other,1000.0,2.0,50.0,2
1990,other,966.0,2.0,50.0,2
1991,other,5425.0,13.0,275.0,13
1996,other,1100.0,2.0,57.6,2
1997,other,2159.0,3.0,120.0,3
1998,other,3100.0,6.0,165.0,5
1999,other,1190.0,2.0,59.9,2
2001,other,1715.0,3.0,95.0,3
2002,other,1254.0,2.0,70.0,3
2003,other,4400.0,5.0,240.0,5
2006,other,1000.0,2.0,50.0,2
2008,other,1537.0,3.0,81.0,3
2009,other,1610.0,3.0,85.0,3
2012,other,1410.0,2.0,73.0,2
2014,other,660.0,1.0,30.0,1
2015,other,660.0,1.0,35.0,1
2016,other,1140.0,2.0,60.0,2
2021,other,2760.0,5.0,140.0,5
2023,other,3000.0,4.0,170.0,5
2026,other,1298.0,2.0,65.0,2
2027,other,760.0,2.0,38.5,2
2029,other,1035.0,2.0,52.79,2
2030,other,1250.0,2.0,65.0,2
2032,other,850.0,2.0,42.5,2
2034,other,1645.0,3.0,87.0,3
2035,other,1255.0,2.0,65.0,2
2036,other,4395.0,3.0,240.0,3
2037,other,1200.0,1.0,65.0,1
2038,other,1800.0,3.0,95.0,3
2039,other,2045.0,3.0,108.0,3
2041,other,610.0,1.0,28.0,1
2046,other,1100.0,2.0,55.0,2
2049,other,1100.0,2.0,55.0,2
2052,other,1330.0,2.0,68.0,3
2053,other,1200.0,3.0,68.0,3
2059,other,1480.0,3.0,75.48,3
2060,other,1200.0,2.0,60.0,2
2064,other,793.0,1.0,40.0,1
2065,other,1145.0,2.0,60.0,3
2067,other,1507.0,3.0,80.0,3
2069,other,1200.0,3.0,70.0,3
2072,other,1760.0,3.0,90.0,3
2073,other,1625.0,3.0,92.0,3
2074,other,1250.0,2.0,70.0,3
2077,other,1625.0,3.0,95.0,3
2081,other,1300.0,3.0,65.0,2
2082,other,1515.0,3.0,80.5,3
2083,other,1250.0,2.0,65.0,2
2084,other,1705.0,2.0,86.96,3
2085,other,1750.0,3.0,100.0,3
2087,other,1720.0,3.0,95.0,3
2088,other,1020.0,2.0,52.0,2
2090,other,540.0,1.0,24.0,1
2091,other,2072.0,3.0,108.0,3
2093,other,1432.0,3.0,79.0,3
2094,other,1770.0,3.0,99.0,3
2095,other,2700.0,5.0,150.0,5
2096,other,1210.0,2.0,60.0,2
2097,other,1684.0,3.0,86.0,3
2099,other,1800.0,6.0,101.0,6
2100,other,450.0,1.0,20.0,1
2101,other,1719.0,3.0,95.0,3
2105,other,1500.0,3.0,85.0,3
2106,other,1360.0,2.0,73.0,3
2108,other,1256.0,2.0,62.8,2
2109,other,1369.0,2.0,72.0,3
2111,other,1830.0,3.0,95.0,3
2112,other,1090.0,2.0,55.0,2
2114,other,1500.0,2.0,78.0,3
2116,other,1508.0,3.0,77.0,3
2117,other,1095.0,2.0,57.0,2
2118,other,1256.0,2.0,65.0,2
